PELICULAS/SERIES,LINK,GLYNBOX
Little Fish,https://www.instagram.com/p/DdkY09zx8Km/,https://www.glynbox.com/movie/586791
Oblivion,https://www.instagram.com/p/Ddcgp4iRtXg/,https://www.glynbox.com/movie/75612
Moebius,https://www.instagram.com/p/DdZ8sQ9RRkl/,https://www.glynbox.com/movie/39335
Another Earth,https://www.instagram.com/p/DdSOG51Rkgi/,https://www.glynbox.com/movie/55420
The Creator,https://www.instagram.com/p/DdKZRZ9PxKb/,https://www.glynbox.com/movie/670292
In Time,https://www.instagram.com/p/DdFTTHPRKnN/,https://www.glynbox.com/movie/49530
Perfect Sense,https://www.instagram.com/p/DdAMKu5RQWS/,https://www.glynbox.com/movie/51999
The Martian,https://www.instagram.com/p/Dcw3ERtR5at/,https://www.glynbox.com/movie/286217
Passengers,https://www.instagram.com/p/DcuLBuXRJEU/,https://www.glynbox.com/movie/274870
Reacher,https://www.instagram.com/p/DccIBFoRPRF/,https://www.glynbox.com/tv/108978
V Invasion Extraterreste,https://www.instagram.com/p/DcR7B_tRQwJ/,https://www.glynbox.com/tv/14141
Taken,https://www.instagram.com/p/DcMxh3eR8ue/,https://www.glynbox.com/tv/2432
Falling Skies,https://www.instagram.com/p/Db_1DHYxSRL/,https://www.glynbox.com/tv/34967
Pluribus,https://www.instagram.com/p/Db9NW00B54b/,https://www.glynbox.com/tv/225171
X Files,https://www.instagram.com/p/Db4FwQJR5LU/,https://www.glynbox.com/tv/4087
El Eternauta,https://www.instagram.com/p/DbwW0U1x6i7/,https://www.glynbox.com/tv/226362
Starman,https://www.instagram.com/p/Dbt0YnXRNMK/,https://www.glynbox.com/movie/9663
Encuetro cercano del tercer tipo,https://www.instagram.com/p/DbrMb1Oxwt2/,https://www.glynbox.com/movie/840
Spiderman brand new day,https://www.instagram.com/p/Dbn4hRfxDMl/,https://www.glynbox.com/movie/969681
Contacto,https://www.instagram.com/p/DbmBwq8R6mO/,https://www.glynbox.com/movie/686
The invasion,https://www.instagram.com/p/DbeRawYxjKj/,https://www.glynbox.com/movie/4858
Starship Troopers,https://www.instagram.com/p/Dbb243PxeUk/,https://www.glynbox.com/movie/563
Cloverfield,https://www.instagram.com/p/DbWkefXRMLv/,https://www.glynbox.com/movie/7191
Señales,https://www.instagram.com/p/DbMQ7GUxhKy/,https://www.glynbox.com/movie/2675
Under the skin,https://www.instagram.com/p/DbJ5blYxfmc/,https://www.glynbox.com/movie/97370
Aniquilacion,https://www.instagram.com/p/DbHQ2moR1lk/,https://www.glynbox.com/movie/300668
Nop,https://www.instagram.com/p/DbEnXEVRMsT/,https://www.glynbox.com/movie/762504
A quiet place,https://www.instagram.com/p/Da1KbbERw-6/,https://www.glynbox.com/movie/447332
Arrival,https://www.instagram.com/p/Dav0DIXvmUk/,https://www.glynbox.com/movie/329865
Proyect Hail Mary,https://www.instagram.com/p/DajSL2yO9kc/,https://www.glynbox.com/movie/687163
El dia de la revelacion,https://www.instagram.com/p/Dagl_nrxOn8/,https://www.glynbox.com/movie/1275779
Obsession,https://www.instagram.com/p/DaL-9iFR9Lk/,https://www.glynbox.com/movie/1339713
La odisea,https://www.instagram.com/p/DbUIYYYxbZb/,https://www.glynbox.com/movie/1368337
La piel que habito,https://www.instagram.com/p/DaEKr8cR7nF/,https://www.glynbox.com/movie/63311
Misery,https://www.instagram.com/p/DZ_E2erxnwF/,https://www.glynbox.com/movie/1700
Retratos de una obsesion,https://www.instagram.com/p/DZyQxuzxZn5/,https://www.glynbox.com/movie/9357
Enemigo Publico,https://www.instagram.com/p/DZtEITdRPd4/,https://www.glynbox.com/movie/9798
El gran truco,https://www.instagram.com/p/DZldZdbRg2Y/,https://www.glynbox.com/movie/1124
Donnie Darko,https://www.instagram.com/p/DZgL_81RwF6/,https://www.glynbox.com/movie/141
Promesas del Este,https://www.instagram.com/p/DZbB2g3xT2f/,https://www.glynbox.com/movie/2252
Scary Movie,https://www.instagram.com/p/DZXqHVsR3iA/,https://www.glynbox.com/movie/1273221
The Menu,https://www.instagram.com/p/DZV3uG_R34p/,https://www.glynbox.com/movie/593643
Masters of the universe,https://www.instagram.com/p/DZSn8OeMHFj/,https://www.glynbox.com/movie/454639
I go to sleep,https://www.instagram.com/p/DZOJ_qBxa1w/,https://www.glynbox.com/movie/204922
The Gift,https://www.instagram.com/p/DZLbHanP5ql/,https://www.glynbox.com/movie/328425
Triangle,https://www.instagram.com/p/DZGW8HuxjIX/,https://www.glynbox.com/movie/26466
The Game,https://www.instagram.com/p/DZD7UfURJas/,https://www.glynbox.com/movie/2649
Speak No evil,https://www.instagram.com/p/DZBWVlURnFq/,https://www.glynbox.com/movie/833339
El secreto de sus ojos,https://www.instagram.com/p/DY8G1SnxY01/,https://www.glynbox.com/movie/25376
Zona de Riesgo,https://www.instagram.com/p/DY27KDhRNr_/,https://www.glynbox.com/movie/1242265
Midsommar,https://www.instagram.com/p/DY0bzx4xP84/,https://www.glynbox.com/movie/530385
Zodiac,https://www.instagram.com/p/DYx3anqRtKv/,https://www.glynbox.com/movie/1949
Cabo de miedo,https://www.instagram.com/p/DYqExgTRG0T/,https://www.glynbox.com/movie/1598
La isla siniestra,https://www.instagram.com/p/DYnYP0_P676/,https://www.glynbox.com/movie/11324
Enemy,https://www.instagram.com/p/DYk1IRqR2G-/,https://www.glynbox.com/movie/181886
Old Boy,https://www.instagram.com/p/DYiSA-nxp1O/,https://www.glynbox.com/movie/670
Memento,https://www.instagram.com/p/DYfxAVFxejp/,https://www.glynbox.com/movie/77
The invitation,https://www.instagram.com/p/DYawfMARiZh/,https://www.glynbox.com/movie/306947
Tar,https://www.instagram.com/p/DYYF49fRR43/,https://www.glynbox.com/movie/817758
El sacrificio del ciervo sagrado,https://www.instagram.com/p/DYS7JdWxoj3/,https://www.glynbox.com/movie/399057
El maquinista,https://www.instagram.com/p/DYQZg55R6tE/,https://www.glynbox.com/movie/4553
Prisioners,https://www.instagram.com/p/DYNxZlOxZz0/,https://www.glynbox.com/movie/146233
El club de la pelea,https://www.instagram.com/p/DYLS2x_RgOE/,https://www.glynbox.com/movie/550
Seven,https://www.instagram.com/p/DYIkSiwR4Te/,https://www.glynbox.com/movie/807
Gone girl,https://www.instagram.com/p/DYGCTihxF5S/,https://www.glynbox.com/movie/210577
Task,https://www.instagram.com/p/DX7t7qJx2Qd/,https://www.glynbox.com/tv/228305
Hermanos y detectives,https://www.instagram.com/p/DX5P2wOxMys/,https://www.glynbox.com/tv/78584
His and her,https://www.instagram.com/p/DX0HId_xqGY/,https://www.glynbox.com/tv/259731
Long bright river,https://www.instagram.com/p/DXu5quDEQHB/,https://www.glynbox.com/tv/244628
Margo tiene problemas de dinero,https://www.instagram.com/p/DXsTytZkS04/,https://www.glynbox.com/tv/245318
The Crowded Room,https://www.instagram.com/p/DXpsaSJx3j2/,https://www.glynbox.com/tv/123192
The Watcher,https://www.instagram.com/p/DXkqA3eRghx/,https://www.glynbox.com/tv/210232
Por mandato del cielo,https://www.instagram.com/p/DXiApBLRbtQ/,https://www.glynbox.com/tv/128095
Guardaespaldas,https://www.instagram.com/p/DXfihJXRYUI/,https://www.glynbox.com/tv/80307
22 11 63,https://www.instagram.com/p/DXc1KeAxtEy/,https://www.glynbox.com/tv/64464
Love and death,https://www.instagram.com/p/DXaOkHdxlPc/,https://www.glynbox.com/tv/124800
The night manager,https://www.instagram.com/p/DXXs1OoxZvy/,https://www.glynbox.com/tv/61859
American Crime Story,https://www.instagram.com/p/DXSpTOhx6qR/,https://www.glynbox.com/tv/64513
Watchmen,https://www.instagram.com/p/DXQAeICRTPl/,https://www.glynbox.com/tv/79788
True Detective,https://www.instagram.com/p/DXK2eQhRydL/,https://www.glynbox.com/tv/46648
Bronca,https://www.instagram.com/p/DXIOF-zxjKy/,https://www.glynbox.com/tv/154385
Mare of Easttown,https://www.instagram.com/p/DXFre3IRD2e/,https://www.glynbox.com/tv/115004
Band of Brothers,https://www.instagram.com/p/DXDIZzQRHtF/,https://www.glynbox.com/tv/4613
Gambito de dama,https://www.instagram.com/p/DXAoPFYRDj6/,https://www.glynbox.com/tv/87739
Chernobyl,https://www.instagram.com/p/DW9_yqcRg4P/,https://www.glynbox.com/tv/87108
Dear killer nannies,https://www.instagram.com/p/DW4wjEex8LW/,https://www.glynbox.com/tv/313721
Coda,https://www.instagram.com/p/DWpW7hXRhvw/,https://www.glynbox.com/movie/776503
Niños del Hombre,https://www.instagram.com/p/DWmyckARnTS/,https://www.glynbox.com/movie/9693
Three Billboards Outside Ebbing Missouri,https://www.instagram.com/p/DWhis5lx8B2/,https://www.glynbox.com/movie/359940
Sin lugar para los debiles,https://www.instagram.com/p/DWfL7uJRbft/,https://www.glynbox.com/movie/6977
Get Out,https://www.instagram.com/p/DWcl7JZRxS7/,https://www.glynbox.com/movie/419430
Rios Mistico,https://www.instagram.com/p/DWZ_tv-RCMI/,https://www.glynbox.com/movie/322
Perdidos en Tokio,https://www.instagram.com/p/DWXR0YQxO2G/,https://www.glynbox.com/movie/153
Crash,https://www.instagram.com/p/DWUyyh7x9sI/,https://www.glynbox.com/movie/1640
La milla verde,https://www.instagram.com/p/DWSMT_CxSE1/,https://www.glynbox.com/movie/497
El indomable will hunting,https://www.instagram.com/p/DWPrwxCxSMY/,https://www.glynbox.com/movie/489
Cadena perpetua,https://www.instagram.com/p/DWNHlUWRKwQ/,https://www.glynbox.com/movie/278
Nacido el 4 de julio,https://www.instagram.com/p/DWKiIB3Rkky/,https://www.glynbox.com/movie/2604
Danza con lobos,https://www.instagram.com/p/DWHvGD9xlU6/,https://www.glynbox.com/movie/581
Patton,https://www.instagram.com/p/DWCwXFMR3rk/,https://www.glynbox.com/movie/11202
Buenos Muchachos,https://www.instagram.com/p/DWAJNOTkbFN/,https://www.glynbox.com/movie/769
Tootsie,https://www.instagram.com/p/DV9ldYtEfFr/,https://www.glynbox.com/movie/9576
El cielo puede esperar,https://www.instagram.com/p/DV6_7FgERfY/,https://www.glynbox.com/movie/12185
La naranja Mecanica,https://www.instagram.com/p/DV13p81kUAc/,https://www.glynbox.com/movie/185
en el nombre del padre,https://www.instagram.com/p/DVzTxWWkb7i/,https://www.glynbox.com/movie/7984
Spotlinght,https://www.instagram.com/p/DVwuLJ_kWeG/,https://www.glynbox.com/movie/314365
Sector 9,https://www.instagram.com/p/DVuIhhUkVwI/,https://www.glynbox.com/movie/17654
Pandillas de Nueva York,https://www.instagram.com/p/DVrkT-Sgf0H/,https://www.glynbox.com/movie/3131
Dia de entrenamiento,https://www.instagram.com/p/DVpDX92EWk1/,https://www.glynbox.com/movie/2034
Jerry Mcguire,https://www.instagram.com/p/DVmaymWkaK-/,https://www.glynbox.com/movie/9390
Corazon valiente,https://www.instagram.com/p/DVj0L5Qkexm/,https://www.glynbox.com/movie/197
About Time,https://www.instagram.com/p/DVRz0HmEa8e/,https://www.glynbox.com/movie/122906
La maquina del tiempo,https://www.instagram.com/p/DVPOIk5EYq_/,https://www.glynbox.com/movie/2134
Proyecto Almanaque,https://www.instagram.com/p/DVMqFIuEbxQ/,https://www.glynbox.com/movie/227719
Time Lapse,https://www.instagram.com/p/DVKD6MVETB7/,https://www.glynbox.com/movie/273271
Caddo Lake,https://www.instagram.com/p/DVHfb2yEVP4/,https://www.glynbox.com/movie/863873
El efecto mariposa,https://www.instagram.com/p/DVE40oykYEi/,https://www.glynbox.com/movie/1954
The Jacket,https://www.instagram.com/p/DVCYo5mEaAm/,https://www.glynbox.com/movie/9667
Coherence,https://www.instagram.com/p/DU_zgJPEQsi/,https://www.glynbox.com/movie/220289
Durante la tormenta,https://www.instagram.com/p/DU9Nl9oEbWY/,https://www.glynbox.com/movie/529216
Looper,https://www.instagram.com/p/DU6p8DjEZZK/,https://www.glynbox.com/movie/59967
Dejavu,https://www.instagram.com/p/DU4EgyaEWQW/,https://www.glynbox.com/movie/7551
The Time Traveler’s Wife,https://www.instagram.com/p/DU1hzsOEQlh/,https://www.glynbox.com/movie/24420
12 monos,https://www.instagram.com/p/DUy3ZYvEdjz/,https://www.glynbox.com/movie/63
Dejala Correr,https://www.instagram.com/p/DUwWb3ckaJ3/,https://www.glynbox.com/movie/118684
Primer,https://www.instagram.com/p/DUtv870kWs2/,https://www.glynbox.com/movie/14337
Frequency,https://www.instagram.com/p/DUrN5SPEb3C/,https://www.glynbox.com/movie/10559
8 minutos antes de morir,https://www.instagram.com/p/DUolASHEYWD/,https://www.glynbox.com/movie/45612
Los cronocrimenes,https://www.instagram.com/p/DUmDoUyEek6/,https://www.glynbox.com/movie/14139
Predestination,https://www.instagram.com/p/DUjd0j3ESd3/,https://www.glynbox.com/movie/206487
Hechizo del tiempo,https://www.instagram.com/p/DUg-Fg5ETZn/,https://www.glynbox.com/movie/137
Cinema Paradiso,https://www.instagram.com/p/DUMVwYSkWxU/,https://www.glynbox.com/movie/11216
Ran,https://www.instagram.com/p/DUJuZS-kbCE/,https://www.glynbox.com/movie/11645
Chinatown,https://www.instagram.com/p/DUHLirNEej2/,https://www.glynbox.com/movie/829
Taxidriver,https://www.instagram.com/p/DUElQMjEeCd/,https://www.glynbox.com/movie/103
Barry Lyndon,https://www.instagram.com/p/DUB9aQHEaWR/,https://www.glynbox.com/movie/3175
Psicosis,https://www.instagram.com/p/DT_ScjTkf-B/,https://www.glynbox.com/movie/539
Z,https://www.instagram.com/p/DT85ANJEWeH/,https://www.glynbox.com/movie/2721
Rainman,https://www.instagram.com/p/DT6SM9XkdAw/,https://www.glynbox.com/movie/380
Lawrence de arabia,https://www.instagram.com/p/DT3tFOUEXw3/,https://www.glynbox.com/movie/947
Rashomon,https://www.instagram.com/p/DTyiuDxkcjx/,https://www.glynbox.com/movie/548
Los Goonies,https://www.instagram.com/p/DTwAlLekeIX/,https://www.glynbox.com/movie/9340
Todos los hombres del presidente,https://www.instagram.com/p/DTtQ6kJkYks/,https://www.glynbox.com/movie/891
Icomo Icaro,https://www.instagram.com/p/DTq4m-4ESfJ/,https://www.glynbox.com/movie/25264
Duel,https://www.instagram.com/p/DToTnVSEY_N/,https://www.glynbox.com/movie/839
El resplandor,https://www.instagram.com/p/DTlrFXFET7V/,https://www.glynbox.com/movie/694
Tiburon,https://www.instagram.com/p/DTjNPfnEUH_/,https://www.glynbox.com/movie/578
El bueno el malo y el feo,https://www.instagram.com/p/DTgjZF6EQem/,https://www.glynbox.com/movie/429
Operacion Dragon,https://www.instagram.com/p/DTd-c5bEZrZ/,https://www.glynbox.com/movie/9461
La cosa,https://www.instagram.com/p/DTbS1RlkUsY/,https://www.glynbox.com/movie/1091
Apocalipsis now,https://www.instagram.com/p/DTY17ECEcmi/,https://www.glynbox.com/movie/28
El septimo sello,https://www.instagram.com/p/DTWRhsOkfnz/,https://www.glynbox.com/movie/490
Blade Runner,https://www.instagram.com/p/DTTpxDJEZvQ/,https://www.glynbox.com/movie/78
El ciudadano Kane,https://www.instagram.com/p/DTRCSXtkVhG/,https://www.glynbox.com/movie/15
Con la muerte en los talones,https://www.instagram.com/p/DTOgauaEdP0/,https://www.glynbox.com/movie/213
12 hombres en pugna,https://www.instagram.com/p/DTL6c40Ecwf/,https://www.glynbox.com/movie/389
2001 odisea en el espacio,https://www.instagram.com/p/DTIw7MXkYvD/,https://www.glynbox.com/movie/62
Casablanca,https://www.instagram.com/p/DTGzFCskUkx/,https://www.glynbox.com/movie/289
La ventana indiscreta,https://www.instagram.com/p/DTEPbIyEYBP/,https://www.glynbox.com/movie/567
Siete samurais,https://www.instagram.com/p/DTBq_C7keXN/,https://www.glynbox.com/movie/346
Eyes wide shut,https://www.instagram.com/p/DS_DDz6kdFc/,https://www.glynbox.com/movie/345
La Empleada,https://www.instagram.com/p/DS3U_ayETHp/,https://www.glynbox.com/movie/1368166
